BDID,BDLocation,VehReg,memberID,MFName,MLName,MLocation,VanReg,engID,EFName,ELName
7,"Station Road","AB12 CDE",L2345,Michael,Jones,Brent,"V012 JKL",123,Andrew,Wilson
301,"High Street","AB12 CDE",L2345,Michael,Jones,Brent,"V012 JKL",123,Andrew,Wilson
842,"Station Road","FG34 HIJ",L3821,Linda,Bellingham,Leyton,"V012 JKL",123,Andrew,Wilson
173,"London Road","FG34 HIJ",L3821,Linda,Bellingham,Leyton,"V456 DEF",123,Andrew,Wilson
635,"Park Avenue","FG34 HIJ",L3821,Linda,Bellingham,Leyton,"V456 DEF",123,Andrew,Wilson
36,"Market Square","PQ78 RST",L9012,Daniel,Brown,Wandsworth,"V123 ABC",345,Karen,Lee
354,"Main Street","KL56 MNO",L7890,Sophie,Taylor,Lambeth,"V123 ABC",345,Karen,Lee
897,"Main Street","CD23 EFG",L3456,David,Wilson,"Tower Hamlets","V123 ABC",345,Karen,Lee
232,"Station Road","AB12 CDE",L2345,Michael,Jones,Brent,"V789 GHI",345,Karen,Lee
833,"London Road","KL56 MNO",L7890,Sophie,Taylor,Lambeth,"V789 GHI",345,Karen,Lee
111,"High Street","MN67 PQR",L8312,Jermaine,Kingston,Hackney,"V345 MNO",678,James,Smith
570,"Park Avenue","KL56 MNO",L7890,Sophie,Taylor,Lambeth,"V345 MNO",678,James,Smith
